-- --------------------------------------------------------
-- Host:                         127.0.0.1
-- Versión del servidor:         8.0.33 - MySQL Community Server - GPL
-- SO del servidor:              Win64
-- HeidiSQL Versión:             12.5.0.6677
-- --------------------------------------------------------

/*!40101 SET @OLD_CHARACTER_SET_CLIENT=@@CHARACTER_SET_CLIENT */;
/*!40101 SET NAMES utf8 */;
/*!50503 SET NAMES utf8mb4 */;
/*!40103 SET @OLD_TIME_ZONE=@@TIME_ZONE */;
/*!40103 SET TIME_ZONE='+00:00' */;
/*!40014 SET @OLD_FOREIGN_KEY_CHECKS=@@FOREIGN_KEY_CHECKS, FOREIGN_KEY_CHECKS=0 */;
/*!40101 SET @OLD_SQL_MODE=@@SQL_MODE, SQL_MODE='NO_AUTO_VALUE_ON_ZERO' */;
/*!40111 SET @OLD_SQL_NOTES=@@SQL_NOTES, SQL_NOTES=0 */;


-- Volcando estructura de base de datos para adm
CREATE DATABASE IF NOT EXISTS `adm` /*!40100 DEFAULT CHARACTER SET utf8mb4 COLLATE utf8mb4_spanish_ci */ /*!80016 DEFAULT ENCRYPTION='N' */;
USE `adm`;

-- Volcando estructura para tabla adm.alerts
CREATE TABLE IF NOT EXISTS `alerts` (
  `DateMark` varchar(13) CHARACTER SET utf8mb4 COLLATE utf8mb4_spanish_ci NOT NULL,
  `Operator` smallint DEFAULT NULL,
  `OperatorAccepted` smallint DEFAULT NULL,
  `Supervisor` smallint DEFAULT NULL,
  `SupervisorFinish` smallint DEFAULT NULL,
  `Machine` tinyint DEFAULT NULL,
  `Failure` smallint DEFAULT NULL,
  `Status` tinyint DEFAULT NULL,
  `Start` time DEFAULT NULL,
  `Response` time DEFAULT NULL,
  `Repair` time DEFAULT NULL,
  PRIMARY KEY (`DateMark`) USING BTREE
) ENGINE=InnoDB DEFAULT CHARSET=utf8mb4 COLLATE=utf8mb4_spanish_ci;

-- Volcando datos para la tabla adm.alerts: ~1 rows (aproximadamente)
REPLACE INTO `alerts` (`DateMark`, `Operator`, `OperatorAccepted`, `Supervisor`, `SupervisorFinish`, `Machine`, `Failure`, `Status`, `Start`, `Response`, `Repair`) VALUES
	('1700003551036', 403, 402, 1, 1, 1, 68, 4, '17:10:25', '00:00:54', '00:00:13');

-- Volcando estructura para tabla adm.areas
CREATE TABLE IF NOT EXISTS `areas` (
  `Ide` tinyint NOT NULL,
  `Name` tinytext CHARACTER SET utf8mb4 COLLATE utf8mb4_spanish_ci,
  PRIMARY KEY (`Ide`) USING BTREE
) ENGINE=InnoDB DEFAULT CHARSET=utf8mb4 COLLATE=utf8mb4_spanish_ci;

-- Volcando datos para la tabla adm.areas: ~4 rows (aproximadamente)
REPLACE INTO `areas` (`Ide`, `Name`) VALUES
	(1, 'Mantenimiento'),
	(2, 'Almacén'),
	(3, 'Producción'),
	(4, 'Calidad');

-- Volcando estructura para tabla adm.emails
CREATE TABLE IF NOT EXISTS `emails` (
  `Ide` varchar(10) CHARACTER SET utf8mb4 COLLATE utf8mb4_spanish_ci NOT NULL,
  `Name` varchar(50) CHARACTER SET utf8mb4 COLLATE utf8mb4_spanish_ci DEFAULT NULL,
  `Area` tinyint DEFAULT NULL,
  `Role` varchar(30) CHARACTER SET utf8mb4 COLLATE utf8mb4_spanish_ci DEFAULT NULL,
  `Level` tinyint DEFAULT NULL,
  `Email` varchar(50) CHARACTER SET utf8mb4 COLLATE utf8mb4_spanish_ci DEFAULT NULL,
  `Rfid` smallint DEFAULT NULL,
  PRIMARY KEY (`Ide`) USING BTREE
) ENGINE=InnoDB DEFAULT CHARSET=utf8mb4 COLLATE=utf8mb4_spanish_ci;

-- Volcando datos para la tabla adm.emails: ~23 rows (aproximadamente)
REPLACE INTO `emails` (`Ide`, `Name`, `Area`, `Role`, `Level`, `Email`, `Rfid`) VALUES
	('1675976415', 'Daniel Leija', 0, 'Desarrollador', 0, 'daniel.leija.condor@gmail.com', NULL),
	('1675976416', 'Felipe Antonio', 0, 'Desarrollador', 0, 'felipe.antonio.condor@gmail.com', NULL),
	('1680714086', 'Luis Galicia Juarez', 3, 'Supervisor', 1, 'luis.galiciajuarez@adm.com', 201),
	('1680714128', 'Alberto Hernández Rivera', 3, 'Supervisor', 1, 'alberto.hernandezrivera@adm.com', 202),
	('1680714257', 'Enrique Ramos Maldonado', 3, 'Supervisor', 1, 'enrique.ramosmaldonado@adm.com', 203),
	('1680714324', 'Miguel Rios', 3, 'Superintendente', 2, 'miguel.rios@adm.com', NULL),
	('1680714392', 'José Maldonado', 3, 'Gerente de Planta', 3, 'jose.maldonadosanchez@adm.com', NULL),
	('1680714442', 'Gia Morgante', 3, 'Director de Manufactura', 4, 'giacomo.morgantescalcon@adm.com', NULL),
	('1680714626', 'Juan Hernandez Santibañez', 1, 'Ingeniero', 1, 'juan.hernandezsantibañez@adm.com', 1),
	('1680714724', 'Eduardo Cadena García', 1, 'Supervisor', 2, 'eduardo.cadenagarcia@adm.com', 2),
	('1680714788', 'Joel Morales Aguilar', 1, 'Coordinador', 3, 'joel.moralesaguilar@adm.com', 0),
	('1680714855', 'Miguel Rios', 1, 'Coordinador', 3, 'miguel.rios@adm.com', NULL),
	('1680714889', 'Roberto Quemada', 1, 'Técnico', 1, 'Sin correo', 3),
	('1680714924', 'José Maldonado', 1, 'Gerente de Planta', 4, 'jose.maldonadosanchez@adm.com', NULL),
	('1680715002', 'José Monroy Velázquez', 2, 'Supervisor', 1, 'jose.monroyvelazquez@adm.com', 101),
	('1680715035', 'Jhonatan Díaz López', 2, 'Coordinador', 2, 'jhonatan.diazlopez@adm.com', 102),
	('1680715121', 'Miguel Rios', 2, 'Coordinador', 2, 'miguel.rios@adm.com', NULL),
	('1680715233', 'Hugo Vega Nava', 4, 'Auditor', 1, 'hugo.veganava@adm.com', 301),
	('1680715272', 'Leonor Ramírez Soriano', 4, 'Auditor', 1, 'leonor.ramirezsoriano@adm.com', 302),
	('1680715306', 'Roberto Ramos', 4, 'Auditor', 1, 'roberto.ramos@adm.com', 303),
	('1680715367', 'Silvia Vallejon', 4, 'Auditor', 1, 'silvia.vallejoncortez@adm.com', NULL),
	('1680715431', 'Luz Verónica Ximello', 4, 'Auditor', 1, 'luz.ximellobautista@adm.com', 304),
	('1680715494', 'Ruben Lopez', 4, 'Coordinador', 2, 'rubenignacio.lopezescobedo@adm.com', NULL);

-- Volcando estructura para tabla adm.failures
CREATE TABLE IF NOT EXISTS `failures` (
  `Ide` smallint NOT NULL,
  `Name` varchar(50) CHARACTER SET utf8mb4 COLLATE utf8mb4_spanish_ci DEFAULT NULL,
  `Area` tinyint DEFAULT NULL,
  `Type` varchar(3) CHARACTER SET utf8mb4 COLLATE utf8mb4_spanish_ci DEFAULT NULL,
  PRIMARY KEY (`Ide`) USING BTREE
) ENGINE=InnoDB DEFAULT CHARSET=utf8mb4 COLLATE=utf8mb4_spanish_ci;

-- Volcando datos para la tabla adm.failures: ~121 rows (aproximadamente)
REPLACE INTO `failures` (`Ide`, `Name`, `Area`, `Type`) VALUES
	(1, '12 Limpieza de maquinaria', 1, 'TMP'),
	(2, '16.1 Cambio de pistones', 1, 'TMP'),
	(3, '16.2 Cambio de rodamientos', 1, 'TMP'),
	(4, '16.3 Cambio de bandas', 1, 'TMP'),
	(6, '21 Maquinaria/equipos sin refacción', 1, 'TNP'),
	(7, '23 Cambio de equipo dañado', 1, 'TNP'),
	(8, '24.1 Ajuste en cosedora', 1, 'TNP'),
	(9, '24.2 Atascamiento de sacos entre bandas', 1, 'TNP'),
	(10, '24.3 Falla de paletizado', 1, 'TNP'),
	(11, '24.4 Falla de alimentador de tarimas', 1, 'TNP'),
	(12, '24.5 Falla de alimentador de saco vac¡o', 1, 'TNP'),
	(13, '24.6 Fallo de apertura de boca', 1, 'TNP'),
	(14, '24.7 Fallo de llenado de saco', 1, 'TNP'),
	(15, '24.8 falla de banda alimentadora', 1, 'TNP'),
	(16, '24.9 Falla de etiquetadora', 1, 'TNP'),
	(17, '24.10 Falla de cosedora', 1, 'TNP'),
	(18, '24.11 Falla de volteador de sacos', 1, 'TNP'),
	(19, '24.12 Falla de bandas de extracción de saco', 1, 'TNP'),
	(20, '24.13 Falla de checkwayer', 1, 'TNP'),
	(21, '24.14 Falla de detector de metales', 1, 'TNP'),
	(22, '24.15 Falla de impresora laser(Injet)', 1, 'TNP'),
	(23, '24.16 Falla de banda basculante', 1, 'TNP'),
	(24, '24.17 Falla de banda inclinada', 1, 'TNP'),
	(25, '24.18 Falla de banda gravitarorio', 1, 'TNP'),
	(26, '24.19 Falla de conformador de sacos', 1, 'TNP'),
	(27, '24.20 Falla de Girador de sacos', 1, 'TNP'),
	(28, '24.21 Falla de banda de posición', 1, 'TNP'),
	(29, '24.22 Falla de banda conformadora de camas', 1, 'TNP'),
	(30, '24.23 Falla de desplazador de sacos', 1, 'TNP'),
	(31, '24.24 Falla de conformador de camas', 1, 'TNP'),
	(32, '24.25 Falla de compuerta de paletizado', 1, 'TNP'),
	(33, '24.26 Falla de referenciador de pallet', 1, 'TNP'),
	(34, '24.27 Falla de rodillos motorizados', 1, 'TNP'),
	(35, '24.28 Falla de sensores', 1, 'TNP'),
	(36, '25.1 Tolva de alimentación', 1, 'TNP'),
	(37, '25.2 Compuertas de tolvas', 1, 'TNP'),
	(38, '25.3 Sensores de nivel', 1, 'TNP'),
	(39, '25.4 Falla de distribuidor', 1, 'TNP'),
	(40, '25.5 Falla de aplicador de melaza', 1, 'TNP'),
	(41, '25.7 Falla de elevador de cangilones harinas', 1, 'TNP'),
	(42, '25.8 Falla de elevador de cangilones Pellet', 1, 'TNP'),
	(43, '25.9 Falla de válvula diversora', 1, 'TNP'),
	(44, '25.10 Falla de sensores', 1, 'TNP'),
	(45, '26.1 No permite selección de receta', 1, 'TNP'),
	(46, '26.2 No hay sincronización de equipos', 1, 'TNP'),
	(47, '26.3 Error de comunicación equipos de flujo', 1, 'TNP'),
	(48, '32.1 Falta de aire comprimido', 1, 'PTK'),
	(49, '32.2 Falla energ¡a eléctrica', 1, 'PTK'),
	(50, '11.1 Mtto planeado', 1, 'TMP'),
	(51, '11.2 Revisión de puntos TPM', 1, 'TMP'),
	(52, 'Exceso de tiempo de mtto planeado', 1, 'TNP'),
	(53, 'Exceso de tiempo de cambio de equipo', 1, 'TNP'),
	(54, 'tiempo excedido de limpieza', 1, 'TNP'),
	(60, 'No abrió guillotina 1', 1, 'TNP'),
	(61, 'No abrió guillotina 2', 1, 'TNP'),
	(62, 'No abrió guillotina 3', 1, 'TNP'),
	(63, 'Problema con sensor de guillotina harina', 1, 'TNP'),
	(64, 'Producto Atascado silo 1', 1, 'TNP'),
	(65, 'Producto Atascado silo 2', 1, 'TNP'),
	(66, 'Producto Atascado silo 3', 1, 'TNP'),
	(67, 'Producto Atascado silo Harinas', 1, 'TNP'),
	(68, 'Falla de comunicación ethernet Alimentador', 1, 'TNP'),
	(69, 'Falla de comunicación ethernet Melaza', 1, 'TNP'),
	(70, 'Variador de Melaza en Fallo', 1, 'TNP'),
	(71, 'Variador de Alimentador en Fallo', 1, 'TNP'),
	(72, 'Falla de comunicación con sensor de Flujo', 1, 'TNP'),
	(73, 'Elevador de cangilones harinas alarmado', 1, 'TNP'),
	(74, 'Temperatura mayor a 65 grados', 1, 'TNP'),
	(75, 'Paro de Emergencia activado', 1, 'TNP'),
	(101, '19.1 Inv. C¡clico', 2, 'TMP'),
	(102, '19.2 Inv. f¡sico', 2, 'TMP'),
	(103, '31.1 Falta de melaza', 2, 'PTK'),
	(104, '31.2 falta de empaque', 2, 'PTK'),
	(105, '31.3 falta de tarimas', 2, 'PTK'),
	(106, '31.4 falta de hilo', 2, 'PTK'),
	(107, 'Exceso de tiempo de inventario', 2, 'TNP'),
	(201, '13.1 Cambio de hilo', 3, 'TMP'),
	(202, '13.2 Cambio de aguja', 3, 'TMP'),
	(203, '13.3 Cambio de Producto', 3, 'TMP'),
	(204, '13.4 Cambio de saco', 3, 'TMP'),
	(205, '13.5 Setup', 3, 'TMP'),
	(206, '14.1 Capacitación', 3, 'TMP'),
	(207, '14.2 Horario de comida', 3, 'TMP'),
	(208, '14.3 Platica de Producción', 3, 'TMP'),
	(209, '14.4 Platica de RH', 3, 'TMP'),
	(210, '14.5 Platica de Seguridad e Higiene', 3, 'TMP'),
	(211, '15.1 Arranque inicial', 3, 'TMP'),
	(212, '15.2 Arranque x Paro obligado', 3, 'TMP'),
	(213, '17.1 Pruebas de Ing', 3, 'TMP'),
	(214, '17.2 Integración de eq. nuevos', 3, 'TMP'),
	(215, '18.1 Movimientos de equipos', 3, 'TMP'),
	(216, '18.2 Prueba de materiales', 3, 'TMP'),
	(217, '18.3 Pruebas de procesos nuevo', 3, 'TMP'),
	(218, '18.4 Pruebas de producci¢n nuevo', 3, 'TMP'),
	(219, '22.1 Ajustes extraordinarios durante cambios', 3, 'TNP'),
	(220, '22.2 Tiempo excedido en cambio de SKU', 3, 'TNP'),
	(221, '22.3 tiempo excedido en cambio de empaque', 3, 'TNP'),
	(222, '33.1 Ausentismo', 3, 'PTK'),
	(223, '33.2 Personal para actividad programada', 3, 'PTK'),
	(224, '34.1 Ajustes al proceso de ensacado', 3, 'PTK'),
	(225, '34.2 Ajustes al proceso de etiquetad', 3, 'PTK'),
	(226, '34.3 Ajustes al proc. de cocido', 3, 'PTK'),
	(227, '34.4 Ajustes a las bandas de extracci¢n', 3, 'PTK'),
	(228, '34.5 Ajustes al girador de sacos', 3, 'PTK'),
	(229, '34.6 Ajustes al checkwayer', 3, 'PTK'),
	(230, '35.1 Activación de alarma de emergencia', 3, 'PTK'),
	(231, '35.2 Simulacro', 3, 'PTK'),
	(232, 'Proceso de carga detenido x sobreproducción', 3, 'PTK'),
	(233, 'Exceso de tiempo Cambio SMED', 3, 'TNP'),
	(234, 'Exceso de tiempo falta personal planeado', 3, 'TNP'),
	(235, 'Exceso de tiempo arranque de planta', 3, 'TNP'),
	(236, 'Exceso de tiempo mejora de procesos', 3, 'TNP'),
	(237, 'Exceso de tiempo pruebas planeadas', 3, 'TNP'),
	(260, 'Silo lleno parar pellet', 3, 'TNP'),
	(301, 'Personal nuevo', 4, 'TMP'),
	(302, 'Equipo', 4, 'PTK'),
	(303, 'Prueba de materiales', 4, 'TMP'),
	(304, 'Pruebas de procesos nuevo', 4, 'TMP'),
	(305, 'Pruebas de producción nuevo', 4, 'TMP'),
	(306, 'Exceso de tiempo personal nuevo', 4, 'TNP'),
	(307, 'Exceso de tiempo pruebas planeadas', 4, 'TNP');

-- Volcando estructura para tabla adm.machines
CREATE TABLE IF NOT EXISTS `machines` (
  `Ide` tinyint NOT NULL,
  `Name` varchar(20) CHARACTER SET utf8mb4 COLLATE utf8mb4_spanish_ci DEFAULT NULL,
  PRIMARY KEY (`Ide`)
) ENGINE=InnoDB DEFAULT CHARSET=utf8mb4 COLLATE=utf8mb4_spanish_ci;

-- Volcando datos para la tabla adm.machines: ~1 rows (aproximadamente)
REPLACE INTO `machines` (`Ide`, `Name`) VALUES
	(1, 'Llenadora');

-- Volcando estructura para tabla adm.manufacturing
CREATE TABLE IF NOT EXISTS `manufacturing` (
  `WorkOrder` varchar(20) CHARACTER SET utf8mb4 COLLATE utf8mb4_spanish_ci NOT NULL,
  `ItemNumber` varchar(40) CHARACTER SET utf8mb4 COLLATE utf8mb4_spanish_ci DEFAULT NULL,
  `ItemDescription` varchar(100) CHARACTER SET utf8mb4 COLLATE utf8mb4_spanish_ci DEFAULT NULL,
  `LotNumber` varchar(40) CHARACTER SET utf8mb4 COLLATE utf8mb4_spanish_ci DEFAULT NULL,
  `PlannedQuantity` int DEFAULT NULL,
  `CompletedQuantity` int DEFAULT NULL,
  `PlannedStartDate` varchar(30) CHARACTER SET utf8mb4 COLLATE utf8mb4_spanish_ci DEFAULT NULL,
  `CompletionDate` varchar(30) CHARACTER SET utf8mb4 COLLATE utf8mb4_spanish_ci DEFAULT NULL,
  PRIMARY KEY (`WorkOrder`)
) ENGINE=InnoDB DEFAULT CHARSET=utf8mb4 COLLATE=utf8mb4_spanish_ci;

-- Volcando datos para la tabla adm.manufacturing: ~1 rows (aproximadamente)
REPLACE INTO `manufacturing` (`WorkOrder`, `ItemNumber`, `ItemDescription`, `LotNumber`, `PlannedQuantity`, `CompletedQuantity`, `PlannedStartDate`, `CompletionDate`) VALUES
	('TEX_OT131548', 'MX000180', 'CARNERINA NO. 2 API ABA FLAVOMICINA 40KG PE', 'OT131548Lot', 200, 0, '25/10/2023 12:48:00', ' ');

-- Volcando estructura para tabla adm.operators
CREATE TABLE IF NOT EXISTS `operators` (
  `Ide` smallint NOT NULL,
  `Name` varchar(50) CHARACTER SET utf8mb4 COLLATE utf8mb4_spanish_ci DEFAULT NULL,
  `Shift` tinyint DEFAULT NULL,
  PRIMARY KEY (`Ide`)
) ENGINE=InnoDB DEFAULT CHARSET=utf8mb4 COLLATE=utf8mb4_spanish_ci;

-- Volcando datos para la tabla adm.operators: ~3 rows (aproximadamente)
REPLACE INTO `operators` (`Ide`, `Name`, `Shift`) VALUES
	(401, 'Operación Grupo A', 1),
	(410, 'Operacion Grupo B', 2),
	(420, 'Operacion Grupo c', 3);

-- Volcando estructura para tabla adm.production
CREATE TABLE IF NOT EXISTS `production` (
  `DateMark` varchar(13) CHARACTER SET utf8mb4 COLLATE utf8mb4_spanish_ci NOT NULL,
  `WorkOrder` varchar(20) CHARACTER SET utf8mb4 COLLATE utf8mb4_spanish_ci DEFAULT NULL,
  `Machine` tinyint DEFAULT NULL,
  `Current` int DEFAULT NULL,
  `Good` int DEFAULT NULL,
  `Scrap` int DEFAULT NULL,
  `Stoppage` tinyint DEFAULT NULL,
  `Stopflag` tinyint DEFAULT NULL,
  PRIMARY KEY (`DateMark`) USING BTREE
) ENGINE=InnoDB DEFAULT CHARSET=utf8mb4 COLLATE=utf8mb4_spanish_ci;

-- Volcando datos para la tabla adm.production: ~1 rows (aproximadamente)
REPLACE INTO `production` (`DateMark`, `WorkOrder`, `Machine`, `Current`, `Good`, `Scrap`, `Stoppage`, `Stopflag`) VALUES
	('1700002621038', 'TEX_OT131548', 1, 9, 9, 0, 2, 0),
	('1700002681041', 'TEX_OT131548', 1, 6, 6, 0, 2, 0),
	('1700002741044', 'TEX_OT131548', 1, 5, 5, 0, 2, 0),
	('1700002801050', 'TEX_OT131548', 1, 6, 6, 0, 2, 0),
	('1700002861053', 'TEX_OT131548', 1, 7, 7, 0, 2, 0),
	('1700002921066', 'TEX_OT131548', 1, 0, 0, 0, 2, 0),
	('1700002981065', 'TEX_OT131548', 1, 0, 0, 0, 2, 0),
	('1700003041081', 'TEX_OT131548', 1, 0, 0, 0, 2, 0),
	('1700003101096', 'TEX_OT131548', 1, 2, 2, 0, 2, 0),
	('1700003161098', 'TEX_OT131548', 1, 0, 0, 0, 2, 0),
	('1700003221113', 'TEX_OT131548', 1, 0, 0, 0, 2, 0),
	('1700003281126', 'TEX_OT131548', 1, 0, 0, 0, 1, 0),
	('1700003341126', 'TEX_OT131548', 1, 0, 0, 0, 1, 0),
	('1700003401126', 'TEX_OT131548', 1, 0, 0, 0, 2, 2),
	('1700003491267', 'TEX_OT131548', 1, 1, 1, 0, 1, 0),
	('1700003551260', 'TEX_OT131548', 1, 0, 0, 0, 2, 1),
	('1700003611260', 'TEX_OT131548', 1, 0, 0, 0, 1, 0),
	('1700003671259', 'TEX_OT131548', 1, 0, 0, 0, 1, 0),
	('1700003731260', 'TEX_OT131548', 1, 0, 0, 0, 1, 0),
	('1700003791260', 'TEX_OT131548', 1, 0, 0, 0, 1, 0),
	('1700003851260', 'TEX_OT131548', 1, 0, 0, 0, 1, 0),
	('1700003911272', 'TEX_OT131548', 1, 0, 0, 0, 1, 0),
	('1700003971278', 'TEX_OT131548', 1, 0, 0, 0, 1, 0),
	('1700004031288', 'TEX_OT131548', 1, 0, 0, 0, 1, 0),
	('1700004091300', 'TEX_OT131548', 1, 0, 0, 0, 1, 0),
	('1700004151305', 'TEX_OT131548', 1, 0, 0, 0, 1, 0),
	('1700004211316', 'TEX_OT131548', 1, 0, 0, 0, 1, 0),
	('1700004271318', 'TEX_OT131548', 1, 0, 0, 0, 1, 0),
	('1700004331318', 'TEX_OT131548', 1, 0, 0, 0, 1, 0),
	('1700004391331', 'TEX_OT131548', 1, 0, 0, 0, 1, 0),
	('1700004451333', 'TEX_OT131548', 1, 0, 0, 0, 1, 0),
	('1700004511340', 'TEX_OT131548', 1, 0, 0, 0, 1, 0),
	('1700004571352', 'TEX_OT131548', 1, 0, 0, 0, 1, 0),
	('1700004631354', 'TEX_OT131548', 1, 0, 0, 0, 1, 0),
	('1700004691356', 'TEX_OT131548', 1, 0, 0, 0, 1, 0),
	('1700004751369', 'TEX_OT131548', 1, 0, 0, 0, 1, 0),
	('1700004811370', 'TEX_OT131548', 1, 0, 0, 0, 1, 0),
	('1700004871375', 'TEX_OT131548', 1, 0, 0, 0, 1, 0),
	('1700004931390', 'TEX_OT131548', 1, 0, 0, 0, 1, 0),
	('1700004991403', 'TEX_OT131548', 1, 0, 0, 0, 1, 0),
	('1700005051403', 'TEX_OT131548', 1, 0, 0, 0, 1, 0),
	('1700005111416', 'TEX_OT131548', 1, 0, 0, 0, 1, 0),
	('1700005171433', 'TEX_OT131548', 1, 0, 0, 0, 1, 0),
	('1700005231434', 'TEX_OT131548', 1, 0, 0, 0, 1, 0),
	('1700005291437', 'TEX_OT131548', 1, 0, 0, 0, 1, 0),
	('1700005351447', 'TEX_OT131548', 1, 0, 0, 0, 1, 0),
	('1700005411448', 'TEX_OT131548', 1, 0, 0, 0, 1, 0),
	('1700005471462', 'TEX_OT131548', 1, 0, 0, 0, 1, 0),
	('1700005531461', 'TEX_OT131548', 1, 0, 0, 0, 1, 0),
	('1700005591466', 'TEX_OT131548', 1, 0, 0, 0, 1, 0),
	('1700005651478', 'TEX_OT131548', 1, 0, 0, 0, 1, 0),
	('1700005711491', 'TEX_OT131548', 1, 0, 0, 0, 1, 0),
	('1700005771493', 'TEX_OT131548', 1, 0, 0, 0, 1, 0),
	('1700005831506', 'TEX_OT131548', 1, 0, 0, 0, 1, 0),
	('1700005891506', 'TEX_OT131548', 1, 0, 0, 0, 1, 0),
	('1700005951510', 'TEX_OT131548', 1, 0, 0, 0, 1, 0),
	('1700006011522', 'TEX_OT131548', 1, 0, 0, 0, 1, 0),
	('1700006071522', 'TEX_OT131548', 1, 0, 0, 0, 1, 0),
	('1700006131522', 'TEX_OT131548', 1, 0, 0, 0, 1, 0),
	('1700006191526', 'TEX_OT131548', 1, 0, 0, 0, 1, 0),
	('1700006251538', 'TEX_OT131548', 1, 0, 0, 0, 1, 0),
	('1700006311538', 'TEX_OT131548', 1, 0, 0, 0, 1, 0),
	('1700006371539', 'TEX_OT131548', 1, 0, 0, 0, 1, 0),
	('1700006431552', 'TEX_OT131548', 1, 0, 0, 0, 1, 0),
	('1700006491567', 'TEX_OT131548', 1, 0, 0, 0, 1, 0),
	('1700006551572', 'TEX_OT131548', 1, 0, 0, 0, 1, 0),
	('1700006611584', 'TEX_OT131548', 1, 0, 0, 0, 1, 0),
	('1700006671588', 'TEX_OT131548', 1, 0, 0, 0, 1, 0),
	('1700006731589', 'TEX_OT131548', 1, 0, 0, 0, 1, 0),
	('1700006791601', 'TEX_OT131548', 1, 0, 0, 0, 1, 0),
	('1700006851607', 'TEX_OT131548', 1, 0, 0, 0, 1, 0),
	('1700006911618', 'TEX_OT131548', 1, 0, 0, 0, 1, 0),
	('1700006971633', 'TEX_OT131548', 1, 0, 0, 0, 1, 0),
	('1700007031634', 'TEX_OT131548', 1, 0, 0, 0, 1, 0),
	('1700007091635', 'TEX_OT131548', 1, 0, 0, 0, 1, 0),
	('1700007151636', 'TEX_OT131548', 1, 0, 0, 0, 1, 0),
	('1700007211638', 'TEX_OT131548', 1, 0, 0, 0, 1, 0),
	('1700007271647', 'TEX_OT131548', 1, 0, 0, 0, 1, 0),
	('1700007331650', 'TEX_OT131548', 1, 0, 0, 0, 1, 0),
	('1700007391651', 'TEX_OT131548', 1, 0, 0, 0, 1, 0),
	('1700007451652', 'TEX_OT131548', 1, 0, 0, 0, 1, 0),
	('1700007511662', 'TEX_OT131548', 1, 0, 0, 0, 1, 0),
	('1700007571661', 'TEX_OT131548', 1, 0, 0, 0, 1, 0),
	('1700007631671', 'TEX_OT131548', 1, 0, 0, 0, 1, 0),
	('1700007691671', 'TEX_OT131548', 1, 0, 0, 0, 1, 0),
	('1700007751670', 'TEX_OT131548', 1, 0, 0, 0, 1, 0),
	('1700007811670', 'TEX_OT131548', 1, 0, 0, 0, 1, 0),
	('1700007871685', 'TEX_OT131548', 1, 0, 0, 0, 1, 0),
	('1700007931686', 'TEX_OT131548', 1, 0, 0, 0, 1, 0),
	('1700007991686', 'TEX_OT131548', 1, 0, 0, 0, 1, 0),
	('1700008051699', 'TEX_OT131548', 1, 0, 0, 0, 1, 0),
	('1700008111713', 'TEX_OT131548', 1, 0, 0, 0, 1, 0),
	('1700008171727', 'TEX_OT131548', 1, 0, 0, 0, 1, 0),
	('1700008231728', 'TEX_OT131548', 1, 0, 0, 0, 1, 0),
	('1700008291729', 'TEX_OT131548', 1, 0, 0, 0, 1, 0),
	('1700008351738', 'TEX_OT131548', 1, 0, 0, 0, 1, 0),
	('1700008411743', 'TEX_OT131548', 1, 0, 0, 0, 1, 0),
	('1700008471742', 'TEX_OT131548', 1, 0, 0, 0, 1, 0),
	('1700008531745', 'TEX_OT131548', 1, 0, 0, 0, 1, 0),
	('1700008591747', 'TEX_OT131548', 1, 0, 0, 0, 1, 0),
	('1700008651762', 'TEX_OT131548', 1, 0, 0, 0, 1, 0),
	('1700008711764', 'TEX_OT131548', 1, 0, 0, 0, 1, 0),
	('1700008771780', 'TEX_OT131548', 1, 0, 0, 0, 1, 0),
	('1700008831782', 'TEX_OT131548', 1, 0, 0, 0, 1, 0),
	('1700008891785', 'TEX_OT131548', 1, 0, 0, 0, 1, 0),
	('1700008951796', 'TEX_OT131548', 1, 0, 0, 0, 1, 0),
	('1700009011802', 'TEX_OT131548', 1, 0, 0, 0, 1, 0),
	('1700009071811', 'TEX_OT131548', 1, 0, 0, 0, 1, 0),
	('1700009131813', 'TEX_OT131548', 1, 0, 0, 0, 1, 0),
	('1700009191812', 'TEX_OT131548', 1, 0, 0, 0, 1, 0),
	('1700009251813', 'TEX_OT131548', 1, 0, 0, 0, 1, 0),
	('1700009311812', 'TEX_OT131548', 1, 0, 0, 0, 1, 0),
	('1700009371812', 'TEX_OT131548', 1, 0, 0, 0, 1, 0),
	('1700009431812', 'TEX_OT131548', 1, 0, 0, 0, 1, 0),
	('1700009491814', 'TEX_OT131548', 1, 0, 0, 0, 1, 0),
	('1700009551827', 'TEX_OT131548', 1, 0, 0, 0, 1, 0),
	('1700009611829', 'TEX_OT131548', 1, 0, 0, 0, 1, 0),
	('1700009671843', 'TEX_OT131548', 1, 0, 0, 0, 1, 0),
	('1700009731844', 'TEX_OT131548', 1, 0, 0, 0, 1, 0),
	('1700009791846', 'TEX_OT131548', 1, 0, 0, 0, 1, 0),
	('1700009851849', 'TEX_OT131548', 1, 0, 0, 0, 1, 0),
	('1700009911860', 'TEX_OT131548', 1, 0, 0, 0, 1, 0),
	('1700009971864', 'TEX_OT131548', 1, 0, 0, 0, 1, 0),
	('1700010031875', 'TEX_OT131548', 1, 0, 0, 0, 1, 0),
	('1700010091877', 'TEX_OT131548', 1, 0, 0, 0, 1, 0),
	('1700010151893', 'TEX_OT131548', 1, 0, 0, 0, 1, 0),
	('1700010211908', 'TEX_OT131548', 1, 0, 0, 0, 1, 0),
	('1700010271923', 'TEX_OT131548', 1, 0, 0, 0, 1, 0),
	('1700010331923', 'TEX_OT131548', 1, 0, 0, 0, 1, 0),
	('1700010391926', 'TEX_OT131548', 1, 0, 0, 0, 1, 0),
	('1700010451939', 'TEX_OT131548', 1, 0, 0, 0, 1, 0),
	('1700010511954', 'TEX_OT131548', 1, 0, 0, 0, 1, 0),
	('1700010571955', 'TEX_OT131548', 1, 0, 0, 0, 1, 0),
	('1700010631953', 'TEX_OT131548', 1, 0, 0, 0, 1, 0),
	('1700010691949', 'TEX_OT131548', 1, 0, 0, 0, 1, 0),
	('1700010751963', 'TEX_OT131548', 1, 0, 0, 0, 1, 0),
	('1700010811975', 'TEX_OT131548', 1, 0, 0, 0, 1, 0),
	('1700010871976', 'TEX_OT131548', 1, 0, 0, 0, 1, 0),
	('1700010931991', 'TEX_OT131548', 1, 0, 0, 0, 1, 0),
	('1700010992002', 'TEX_OT131548', 1, 0, 0, 0, 1, 0),
	('1700011052002', 'TEX_OT131548', 1, 0, 0, 0, 1, 0),
	('1700011112017', 'TEX_OT131548', 1, 0, 0, 0, 1, 0),
	('1700011172031', 'TEX_OT131548', 1, 0, 0, 0, 1, 0),
	('1700011232032', 'TEX_OT131548', 1, 0, 0, 0, 1, 0),
	('1700011292033', 'TEX_OT131548', 1, 0, 0, 0, 1, 0),
	('1700011352049', 'TEX_OT131548', 1, 0, 0, 0, 1, 0),
	('1700011412061', 'TEX_OT131548', 1, 0, 0, 0, 1, 0),
	('1700011472063', 'TEX_OT131548', 1, 0, 0, 0, 1, 0),
	('1700011532076', 'TEX_OT131548', 1, 0, 0, 0, 1, 0),
	('1700011592077', 'TEX_OT131548', 1, 0, 0, 0, 1, 0),
	('1700011652090', 'TEX_OT131548', 1, 0, 0, 0, 1, 0),
	('1700011712090', 'TEX_OT131548', 1, 0, 0, 0, 1, 0),
	('1700011772090', 'TEX_OT131548', 1, 0, 0, 0, 1, 0),
	('1700011832090', 'TEX_OT131548', 1, 0, 0, 0, 1, 0),
	('1700011892090', 'TEX_OT131548', 1, 0, 0, 0, 1, 0),
	('1700011952091', 'TEX_OT131548', 1, 0, 0, 0, 1, 0),
	('1700012012093', 'TEX_OT131548', 1, 0, 0, 0, 1, 0),
	('1700012072093', 'TEX_OT131548', 1, 0, 0, 0, 1, 0),
	('1700012132094', 'TEX_OT131548', 1, 0, 0, 0, 1, 0),
	('1700012192095', 'TEX_OT131548', 1, 0, 0, 0, 1, 0),
	('1700012252106', 'TEX_OT131548', 1, 0, 0, 0, 1, 0),
	('1700012312121', 'TEX_OT131548', 1, 0, 0, 0, 1, 0),
	('1700012372124', 'TEX_OT131548', 1, 0, 0, 0, 1, 0),
	('1700012432136', 'TEX_OT131548', 1, 0, 0, 0, 1, 0),
	('1700012492137', 'TEX_OT131548', 1, 0, 0, 0, 1, 0),
	('1700012552150', 'TEX_OT131548', 1, 0, 0, 0, 1, 0),
	('1700012612151', 'TEX_OT131548', 1, 0, 0, 0, 1, 0),
	('1700012672152', 'TEX_OT131548', 1, 0, 0, 0, 1, 0),
	('1700012732156', 'TEX_OT131548', 1, 0, 0, 0, 1, 0),
	('1700012792170', 'TEX_OT131548', 1, 0, 0, 0, 1, 0),
	('1700012852172', 'TEX_OT131548', 1, 0, 0, 0, 1, 0),
	('1700012912183', 'TEX_OT131548', 1, 0, 0, 0, 1, 0),
	('1700012972187', 'TEX_OT131548', 1, 0, 0, 0, 1, 0),
	('1700013032188', 'TEX_OT131548', 1, 0, 0, 0, 1, 0),
	('1700013092204', 'TEX_OT131548', 1, 0, 0, 0, 1, 0),
	('1700013152216', 'TEX_OT131548', 1, 0, 0, 0, 1, 0),
	('1700013212229', 'TEX_OT131548', 1, 0, 0, 0, 1, 0),
	('1700013272230', 'TEX_OT131548', 1, 0, 0, 0, 1, 0),
	('1700013332231', 'TEX_OT131548', 1, 0, 0, 0, 1, 0),
	('1700013392231', 'TEX_OT131548', 1, 0, 0, 0, 1, 0),
	('1700013452244', 'TEX_OT131548', 1, 0, 0, 0, 1, 0),
	('1700013512245', 'TEX_OT131548', 1, 0, 0, 0, 1, 0),
	('1700013572245', 'TEX_OT131548', 1, 0, 0, 0, 1, 0),
	('1700013632246', 'TEX_OT131548', 1, 0, 0, 0, 1, 0),
	('1700013692256', 'TEX_OT131548', 1, 0, 0, 0, 1, 0),
	('1700013752254', 'TEX_OT131548', 1, 0, 0, 0, 1, 0),
	('1700013812254', 'TEX_OT131548', 1, 0, 0, 0, 1, 0),
	('1700013872267', 'TEX_OT131548', 1, 0, 0, 0, 1, 0),
	('1700013932270', 'TEX_OT131548', 1, 0, 0, 0, 1, 0),
	('1700013992272', 'TEX_OT131548', 1, 0, 0, 0, 1, 0),
	('1700014052283', 'TEX_OT131548', 1, 0, 0, 0, 1, 0),
	('1700014112295', 'TEX_OT131548', 1, 0, 0, 0, 1, 0),
	('1700014172295', 'TEX_OT131548', 1, 0, 0, 0, 1, 0),
	('1700014232295', 'TEX_OT131548', 1, 0, 0, 0, 1, 0),
	('1700014292296', 'TEX_OT131548', 1, 0, 0, 0, 1, 0),
	('1700014352297', 'TEX_OT131548', 1, 0, 0, 0, 1, 0),
	('1700014412309', 'TEX_OT131548', 1, 0, 0, 0, 1, 0),
	('1700014472309', 'TEX_OT131548', 1, 0, 0, 0, 1, 0),
	('1700014532324', 'TEX_OT131548', 1, 0, 0, 0, 1, 0),
	('1700014592324', 'TEX_OT131548', 1, 0, 0, 0, 1, 0),
	('1700014652340', 'TEX_OT131548', 1, 0, 0, 0, 1, 0),
	('1700014712353', 'TEX_OT131548', 1, 0, 0, 0, 1, 0),
	('1700014772352', 'TEX_OT131548', 1, 0, 0, 0, 1, 0),
	('1700014832350', 'TEX_OT131548', 1, 0, 0, 0, 1, 0),
	('1700014892364', 'TEX_OT131548', 1, 0, 0, 0, 1, 0),
	('1700014952374', 'TEX_OT131548', 1, 0, 0, 0, 1, 0),
	('1700015012373', 'TEX_OT131548', 1, 0, 0, 0, 1, 0),
	('1700015072372', 'TEX_OT131548', 1, 0, 0, 0, 1, 0),
	('1700015132372', 'TEX_OT131548', 1, 0, 0, 0, 1, 0),
	('1700015192372', 'TEX_OT131548', 1, 0, 0, 0, 1, 0),
	('1700015252373', 'TEX_OT131548', 1, 0, 0, 0, 1, 0),
	('1700015312373', 'TEX_OT131548', 1, 0, 0, 0, 1, 0),
	('1700015372373', 'TEX_OT131548', 1, 0, 0, 0, 1, 0),
	('1700015432385', 'TEX_OT131548', 1, 0, 0, 0, 1, 0),
	('1700015492385', 'TEX_OT131548', 1, 0, 0, 0, 1, 0),
	('1700015552387', 'TEX_OT131548', 1, 0, 0, 0, 1, 0),
	('1700015612399', 'TEX_OT131548', 1, 0, 0, 0, 1, 0),
	('1700015672402', 'TEX_OT131548', 1, 0, 0, 0, 1, 0),
	('1700015732414', 'TEX_OT131548', 1, 0, 0, 0, 1, 0),
	('1700015792413', 'TEX_OT131548', 1, 0, 0, 0, 1, 0),
	('1700015852414', 'TEX_OT131548', 1, 0, 0, 0, 1, 0),
	('1700015912426', 'TEX_OT131548', 1, 0, 0, 0, 1, 0),
	('1700015972427', 'TEX_OT131548', 1, 0, 0, 0, 1, 0),
	('1700016032440', 'TEX_OT131548', 1, 0, 0, 0, 1, 0),
	('1700016092440', 'TEX_OT131548', 1, 0, 0, 0, 1, 0),
	('1700016152440', 'TEX_OT131548', 1, 0, 0, 0, 1, 0),
	('1700016212442', 'TEX_OT131548', 1, 0, 0, 0, 1, 0),
	('1700016272454', 'TEX_OT131548', 1, 0, 0, 0, 1, 0),
	('1700016332457', 'TEX_OT131548', 1, 0, 0, 0, 1, 0),
	('1700016392469', 'TEX_OT131548', 1, 0, 0, 0, 1, 0),
	('1700016452469', 'TEX_OT131548', 1, 0, 0, 0, 1, 0),
	('1700016512470', 'TEX_OT131548', 1, 0, 0, 0, 1, 0),
	('1700016572485', 'TEX_OT131548', 1, 0, 0, 0, 1, 0),
	('1700016632500', 'TEX_OT131548', 1, 0, 0, 0, 1, 0),
	('1700016692501', 'TEX_OT131548', 1, 0, 0, 0, 1, 0),
	('1700016752515', 'TEX_OT131548', 1, 0, 0, 0, 1, 0),
	('1700016812516', 'TEX_OT131548', 1, 0, 0, 0, 1, 0),
	('1700016872517', 'TEX_OT131548', 1, 0, 0, 0, 1, 0),
	('1700016932531', 'TEX_OT131548', 1, 0, 0, 0, 1, 0),
	('1700016992535', 'TEX_OT131548', 1, 0, 0, 0, 1, 0),
	('1700017052535', 'TEX_OT131548', 1, 0, 0, 0, 1, 0),
	('1700017112546', 'TEX_OT131548', 1, 0, 0, 0, 1, 0),
	('1700017172546', 'TEX_OT131548', 1, 0, 0, 0, 1, 0),
	('1700017232548', 'TEX_OT131548', 1, 0, 0, 0, 1, 0),
	('1700017292550', 'TEX_OT131548', 1, 0, 0, 0, 1, 0),
	('1700017352560', 'TEX_OT131548', 1, 0, 0, 0, 1, 0),
	('1700017412561', 'TEX_OT131548', 1, 0, 0, 0, 1, 0),
	('1700017472562', 'TEX_OT131548', 1, 0, 0, 0, 1, 0),
	('1700017532562', 'TEX_OT131548', 1, 0, 0, 0, 1, 0),
	('1700017592575', 'TEX_OT131548', 1, 0, 0, 0, 1, 0),
	('1700017652576', 'TEX_OT131548', 1, 0, 0, 0, 1, 0),
	('1700017712577', 'TEX_OT131548', 1, 0, 0, 0, 1, 0),
	('1700017772577', 'TEX_OT131548', 1, 0, 0, 0, 1, 0),
	('1700017832577', 'TEX_OT131548', 1, 0, 0, 0, 1, 0),
	('1700017892589', 'TEX_OT131548', 1, 0, 0, 0, 1, 0),
	('1700017952605', 'TEX_OT131548', 1, 0, 0, 0, 1, 0),
	('1700018012618', 'TEX_OT131548', 1, 0, 0, 0, 1, 0),
	('1700018072619', 'TEX_OT131548', 1, 0, 0, 0, 1, 0),
	('1700018132619', 'TEX_OT131548', 1, 0, 0, 0, 1, 0),
	('1700018192635', 'TEX_OT131548', 1, 0, 0, 0, 1, 0),
	('1700018252649', 'TEX_OT131548', 1, 0, 0, 0, 1, 0),
	('1700018312649', 'TEX_OT131548', 1, 0, 0, 0, 1, 0),
	('1700018372665', 'TEX_OT131548', 1, 0, 0, 0, 1, 0),
	('1700018432680', 'TEX_OT131548', 1, 0, 0, 0, 1, 0),
	('1700018492691', 'TEX_OT131548', 1, 0, 0, 0, 1, 0),
	('1700018552691', 'TEX_OT131548', 1, 0, 0, 0, 1, 0),
	('1700018612696', 'TEX_OT131548', 1, 0, 0, 0, 1, 0),
	('1700018672706', 'TEX_OT131548', 1, 0, 0, 0, 1, 0),
	('1700018732707', 'TEX_OT131548', 1, 0, 0, 0, 1, 0),
	('1700018792722', 'TEX_OT131548', 1, 0, 0, 0, 1, 0),
	('1700018852723', 'TEX_OT131548', 1, 0, 0, 0, 1, 0),
	('1700018912735', 'TEX_OT131548', 1, 0, 0, 0, 1, 0),
	('1700018972735', 'TEX_OT131548', 1, 0, 0, 0, 1, 0),
	('1700019032737', 'TEX_OT131548', 1, 0, 0, 0, 1, 0),
	('1700019092753', 'TEX_OT131548', 1, 0, 0, 0, 1, 0),
	('1700019152765', 'TEX_OT131548', 1, 0, 0, 0, 1, 0),
	('1700019212772', 'TEX_OT131548', 1, 0, 0, 0, 1, 0),
	('1700019272778', 'TEX_OT131548', 1, 0, 0, 0, 1, 0),
	('1700019332781', 'TEX_OT131548', 1, 0, 0, 0, 1, 0),
	('1700019392782', 'TEX_OT131548', 1, 0, 0, 0, 1, 0),
	('1700019452795', 'TEX_OT131548', 1, 0, 0, 0, 1, 0),
	('1700019512796', 'TEX_OT131548', 1, 0, 0, 0, 1, 0),
	('1700019572796', 'TEX_OT131548', 1, 0, 0, 0, 1, 0),
	('1700019632809', 'TEX_OT131548', 1, 0, 0, 0, 1, 0),
	('1700019692814', 'TEX_OT131548', 1, 0, 0, 0, 1, 0),
	('1700019752823', 'TEX_OT131548', 1, 0, 0, 0, 1, 0),
	('1700019812826', 'TEX_OT131548', 1, 0, 0, 0, 1, 0),
	('1700019872842', 'TEX_OT131548', 1, 0, 0, 0, 1, 0),
	('1700019932848', 'TEX_OT131548', 1, 0, 0, 0, 1, 0),
	('1700019992860', 'TEX_OT131548', 1, 0, 0, 0, 1, 0),
	('1700020052863', 'TEX_OT131548', 1, 0, 0, 0, 1, 0),
	('1700020112863', 'TEX_OT131548', 1, 0, 0, 0, 1, 0),
	('1700020172879', 'TEX_OT131548', 1, 0, 0, 0, 1, 0),
	('1700020232879', 'TEX_OT131548', 1, 0, 0, 0, 1, 0),
	('1700020292892', 'TEX_OT131548', 1, 0, 0, 0, 1, 0),
	('1700020352893', 'TEX_OT131548', 1, 0, 0, 0, 1, 0),
	('1700020412908', 'TEX_OT131548', 1, 0, 0, 0, 1, 0),
	('1700020472909', 'TEX_OT131548', 1, 0, 0, 0, 1, 0),
	('1700020532910', 'TEX_OT131548', 1, 0, 0, 0, 1, 0),
	('1700020592923', 'TEX_OT131548', 1, 0, 0, 0, 1, 0),
	('1700020652923', 'TEX_OT131548', 1, 0, 0, 0, 1, 0),
	('1700020712926', 'TEX_OT131548', 1, 0, 0, 0, 1, 0),
	('1700020772928', 'TEX_OT131548', 1, 0, 0, 0, 1, 0),
	('1700020832936', 'TEX_OT131548', 1, 0, 0, 0, 1, 0),
	('1700020892936', 'TEX_OT131548', 1, 0, 0, 0, 1, 0),
	('1700020952945', 'TEX_OT131548', 1, 0, 0, 0, 1, 0),
	('1700021012942', 'TEX_OT131548', 1, 0, 0, 0, 1, 0),
	('1700021072955', 'TEX_OT131548', 1, 0, 0, 0, 1, 0),
	('1700021132957', 'TEX_OT131548', 1, 0, 0, 0, 1, 0),
	('1700021192969', 'TEX_OT131548', 1, 0, 0, 0, 1, 0),
	('1700021252967', 'TEX_OT131548', 1, 0, 0, 0, 1, 0),
	('1700021312968', 'TEX_OT131548', 1, 0, 0, 0, 1, 0),
	('1700021372980', 'TEX_OT131548', 1, 0, 0, 0, 1, 0),
	('1700021432986', 'TEX_OT131548', 1, 0, 0, 0, 1, 0),
	('1700021492995', 'TEX_OT131548', 1, 0, 0, 0, 1, 0),
	('1700021552994', 'TEX_OT131548', 1, 0, 0, 0, 1, 0),
	('1700021612995', 'TEX_OT131548', 1, 0, 0, 0, 1, 0),
	('1700021673011', 'TEX_OT131548', 1, 0, 0, 0, 1, 0),
	('1700021733012', 'TEX_OT131548', 1, 0, 0, 0, 1, 0),
	('1700021793025', 'TEX_OT131548', 1, 0, 0, 0, 1, 0),
	('1700021853025', 'TEX_OT131548', 1, 0, 0, 0, 1, 0),
	('1700021913025', 'TEX_OT131548', 1, 0, 0, 0, 1, 0),
	('1700021973024', 'TEX_OT131548', 1, 0, 0, 0, 1, 0),
	('1700022033036', 'TEX_OT131548', 1, 0, 0, 0, 1, 0),
	('1700022093036', 'TEX_OT131548', 1, 0, 0, 0, 1, 0),
	('1700022153036', 'TEX_OT131548', 1, 0, 0, 0, 1, 0),
	('1700022213041', 'TEX_OT131548', 1, 0, 0, 0, 1, 0),
	('1700022273051', 'TEX_OT131548', 1, 0, 0, 0, 1, 0),
	('1700022333066', 'TEX_OT131548', 1, 0, 0, 0, 1, 0),
	('1700022393068', 'TEX_OT131548', 1, 0, 0, 0, 1, 0),
	('1700022453081', 'TEX_OT131548', 1, 0, 0, 0, 1, 0),
	('1700022513083', 'TEX_OT131548', 1, 0, 0, 0, 1, 0),
	('1700022573099', 'TEX_OT131548', 1, 0, 0, 0, 1, 0),
	('1700022633111', 'TEX_OT131548', 1, 0, 0, 0, 1, 0),
	('1700022693126', 'TEX_OT131548', 1, 0, 0, 0, 1, 0),
	('1700022753126', 'TEX_OT131548', 1, 0, 0, 0, 1, 0),
	('1700022813128', 'TEX_OT131548', 1, 0, 0, 0, 1, 0),
	('1700022873141', 'TEX_OT131548', 1, 0, 0, 0, 1, 0),
	('1700022933143', 'TEX_OT131548', 1, 0, 0, 0, 1, 0),
	('1700022993144', 'TEX_OT131548', 1, 0, 0, 0, 1, 0),
	('1700023053146', 'TEX_OT131548', 1, 0, 0, 0, 1, 0),
	('1700023113159', 'TEX_OT131548', 1, 0, 0, 0, 1, 0),
	('1700023173174', 'TEX_OT131548', 1, 0, 0, 0, 1, 0),
	('1700023233174', 'TEX_OT131548', 1, 0, 0, 0, 1, 0),
	('1700023293186', 'TEX_OT131548', 1, 0, 0, 0, 1, 0),
	('1700023353199', 'TEX_OT131548', 1, 0, 0, 0, 1, 0),
	('1700023413208', 'TEX_OT131548', 1, 0, 0, 0, 1, 0),
	('1700023473209', 'TEX_OT131548', 1, 0, 0, 0, 1, 0),
	('1700023533221', 'TEX_OT131548', 1, 0, 0, 0, 1, 0),
	('1700023593221', 'TEX_OT131548', 1, 0, 0, 0, 1, 0),
	('1700023653237', 'TEX_OT131548', 1, 0, 0, 0, 1, 0),
	('1700023713238', 'TEX_OT131548', 1, 0, 0, 0, 1, 0),
	('1700023773251', 'TEX_OT131548', 1, 0, 0, 0, 1, 0),
	('1700023833267', 'TEX_OT131548', 1, 0, 0, 0, 1, 0),
	('1700023893266', 'TEX_OT131548', 1, 0, 0, 0, 1, 0),
	('1700023953262', 'TEX_OT131548', 1, 0, 0, 0, 1, 0),
	('1700024013259', 'TEX_OT131548', 1, 0, 0, 0, 1, 0),
	('1700024073272', 'TEX_OT131548', 1, 0, 0, 0, 1, 0),
	('1700024133271', 'TEX_OT131548', 1, 0, 0, 0, 1, 0),
	('1700024193272', 'TEX_OT131548', 1, 0, 0, 0, 1, 0),
	('1700024253283', 'TEX_OT131548', 1, 0, 0, 0, 1, 0),
	('1700024313297', 'TEX_OT131548', 1, 0, 0, 0, 1, 0),
	('1700024373296', 'TEX_OT131548', 1, 0, 0, 0, 1, 0),
	('1700024433301', 'TEX_OT131548', 1, 0, 0, 0, 1, 0);

/*!40103 SET TIME_ZONE=IFNULL(@OLD_TIME_ZONE, 'system') */;
/*!40101 SET SQL_MODE=IFNULL(@OLD_SQL_MODE, '') */;
/*!40014 SET FOREIGN_KEY_CHECKS=IFNULL(@OLD_FOREIGN_KEY_CHECKS, 1) */;
/*!40101 SET CHARACTER_SET_CLIENT=@OLD_CHARACTER_SET_CLIENT */;
/*!40111 SET SQL_NOTES=IFNULL(@OLD_SQL_NOTES, 1) */;
